id,predicted_label,true_label,sensitive_label,score
/m/04hpck,/m/02hrh1q,/m/02hrh1q,/m/05zppz,1.0
/m/049k07,/m/02hrh1q,/m/02jknp,/m/05zppz,1.0
/m/043kzcr,/m/02hrh1q,/m/02hrh1q,/m/02zsn,1.0
/m/053y4h,/m/02krf9,/m/02hrh1q,/m/02zsn,1.0
/m/04kr63w,/m/02hrh1q,/m/02hrh1q,/m/02zsn,1.0
/m/04cl1,/m/03gjzk,/m/02hrh1q,/m/05zppz,1.0
/m/05bm4sm,/m/02tx6q,/m/02tx6q,/m/05zppz,1.0
/m/03xb2w,/m/03gjzk,/m/02hrh1q,/m/05zppz,1.0
/m/05km8z,/m/02pjxr,/m/02pjxr,/m/05zppz,1.0
/m/03nbbv,/m/04gc2,/m/04gc2,/m/05zppz,1.0
/m/058frd,/m/02hrh1q,/m/03gjzk,/m/05zppz,1.0
/m/04lp8k,/m/02hrh1q,/m/02hrh1q,/m/02zsn,1.0
/m/052h3,/m/03jgz,/m/03jgz,/m/05zppz,1.0
/m/03xx3m,/m/02hrh1q,/m/02hrh1q,/m/05zppz,1.0
/m/043zg,/m/03gjzk,/m/03gjzk,/m/02zsn,1.0
/m/04__f,/m/02hrh1q,/m/02hrh1q,/m/05zppz,1.0
/m/03wjb7,/m/02hrh1q,/m/039v1,/m/05zppz,1.0
/m/03y2kr,/m/04gc2,/m/04gc2,/m/05zppz,1.0
/m/04pg29,/m/03gjzk,/m/02jknp,/m/05zppz,1.0
/m/042rnl,/m/02hrh1q,/m/02hrh1q,/m/05zppz,1.0
/m/03pvt,/m/02hrh1q,/m/02hrh1q,/m/05zppz,1.0
/m/04mby,/m/02hrh1q,/m/02hrh1q,/m/05zppz,1.0
/m/055c8,/m/02hrh1q,/m/03gjzk,/m/05zppz,1.0
/m/04_jsg,/m/02hrh1q,/m/039v1,/m/05zppz,1.0
/m/03nb5v,/m/02hrh1q,/m/03gjzk,/m/05zppz,1.0
/m/03y82t6,/m/02hrh1q,/m/039v1,/m/02zsn,1.0
/m/048s0r,/m/03gjzk,/m/02hrh1q,/m/05zppz,1.0
/m/04d_mtq,/m/02hrh1q,/m/039v1,/m/05zppz,1.0
/m/03xp8d5,/m/02jknp,/m/03gjzk,/m/05zppz,1.0
/m/05fnl9,/m/02hrh1q,/m/03gjzk,/m/05zppz,1.0
/m/04yywz,/m/02hrh1q,/m/02hrh1q,/m/05zppz,1.0
/m/04xfb,/m/04gc2,/m/04gc2,/m/05zppz,1.0
/m/03z509,/m/02hrh1q,/m/02hrh1q,/m/02zsn,1.0
/m/04vzv4,/m/026sdt1,/m/026sdt1,/m/05zppz,1.0
/m/056wb,/m/02jknp,/m/03gjzk,/m/05zppz,1.0
/m/04psyp,/m/02hrh1q,/m/02hrh1q,/m/05zppz,1.0
/m/049l7,/m/02jknp,/m/02krf9,/m/05zppz,1.0
/m/04t38b,/m/02jknp,/m/02jknp,/m/05zppz,1.0
/m/0432cd,/m/02hrh1q,/m/02jknp,/m/05zppz,1.0
/m/04g_wd,/m/02jknp,/m/02hrh1q,/m/05zppz,1.0
/m/04pz5c,/m/03gjzk,/m/02hrh1q,/m/05zppz,1.0
/m/0451j,/m/02hrh1q,/m/02hrh1q,/m/05zppz,1.0
/m/05g7q,/m/04gc2,/m/04gc2,/m/05zppz,1.0
/m/056rgc,/m/02hrh1q,/m/02jknp,/m/05zppz,1.0
/m/0534v,/m/02jknp,/m/020xn5,/m/05zppz,1.0
/m/043hg,/m/02jknp,/m/02hrh1q,/m/05zppz,1.0
/m/042q3,/m/04gc2,/m/02hv44_,/m/05zppz,1.0
/m/04fzk,/m/02hrh1q,/m/02hrh1q,/m/02zsn,1.0
/m/044mm6,/m/02hrh1q,/m/02hrh1q,/m/05zppz,1.0
/m/04m_zp,/m/02krf9,/m/03gjzk,/m/05zppz,1.0
/m/0525b,/m/02hrh1q,/m/02hrh1q,/m/02zsn,1.0
/m/04v7kt,/m/03gjzk,/m/02dsz,/m/05zppz,1.0
/m/05kfs,/m/03gjzk,/m/02jknp,/m/05zppz,1.0
/m/04t7ts,/m/02hrh1q,/m/02hrh1q,/m/05zppz,1.0
/m/04d2yp,/m/02hrh1q,/m/02hrh1q,/m/05zppz,1.0
/m/0438pz,/m/03gjzk,/m/03gjzk,/m/05zppz,1.0
/m/03qmfzx,/m/03gjzk,/m/03gjzk,/m/05zppz,1.0
/m/049fgvm,/m/02krf9,/m/02jknp,/m/05zppz,1.0
/m/04y79_n,/m/02hrh1q,/m/02hv44_,/m/05zppz,1.0
/m/042ly5,/m/02hrh1q,/m/02hrh1q,/m/05zppz,1.0
/m/04k25,/m/02hrh1q,/m/02jknp,/m/05zppz,1.0
/m/03z0l6,/m/02jknp,/m/02jknp,/m/05zppz,1.0
/m/04hqbbz,/m/02hrh1q,/m/02hrh1q,/m/05zppz,1.0
/m/04n2vgk,/m/02hrh1q,/m/039v1,/m/05zppz,1.0
/m/05cgy8,/m/02krf9,/m/02krf9,/m/05zppz,1.0
/m/03tf_h,/m/02jknp,/m/02jknp,/m/05zppz,1.0
/m/03pmty,/m/02krf9,/m/02hrh1q,/m/05zppz,1.0
/m/04y8r,/m/02jknp,/m/03gjzk,/m/05zppz,1.0
/m/0424m,/m/04gc2,/m/04gc2,/m/05zppz,1.0
/m/042d1,/m/04gc2,/m/04gc2,/m/05zppz,1.0
/m/05d1y,/m/03sbb,/m/03sbb,/m/05zppz,1.0
/m/04vlh5,/m/02krf9,/m/02jknp,/m/05zppz,1.0
/m/03rwng,/m/02hrh1q,/m/02hrh1q,/m/02zsn,1.0
/m/04mlmx,/m/02hrh1q,/m/02hrh1q,/m/02zsn,1.0
/m/03vrv9,/m/02jknp,/m/02hrh1q,/m/05zppz,1.0
/m/048hf,/m/02hrh1q,/m/02hrh1q,/m/05zppz,1.0
/m/04gvt5,/m/02hrh1q,/m/02hrh1q,/m/02zsn,1.0
/m/03ysmg,/m/02jknp,/m/03gjzk,/m/05zppz,1.0
/m/03w1v2,/m/02hrh1q,/m/02hrh1q,/m/05zppz,1.0
/m/05h7tk,/m/02jknp,/m/02jknp,/m/05zppz,1.0
/m/048lv,/m/02jknp,/m/02hrh1q,/m/05zppz,1.0
/m/058nh2,/m/02hrh1q,/m/02jknp,/m/05zppz,1.0
/m/05728w1,/m/02pjxr,/m/02pjxr,/m/05zppz,1.0
/m/05k2s_,/m/02jknp,/m/02hv44_,/m/05zppz,1.0
/m/04zkj5,/m/03gjzk,/m/02krf9,/m/05zppz,1.0
/m/042xrr,/m/02hrh1q,/m/02hrh1q,/m/05zppz,1.0
/m/03p01x,/m/02jknp,/m/03gjzk,/m/05zppz,1.0
/m/0522wp,/m/02jknp,/m/02jknp,/m/05zppz,1.0
/m/03rqww,/m/02krf9,/m/02jknp,/m/05zppz,1.0
/m/054c1,/m/02hrh1q,/m/01xr66,/m/05zppz,1.0
/m/04r7jc,/m/02hv44_,/m/025352,/m/05zppz,1.0
/m/046m59,/m/02hrh1q,/m/02hrh1q,/m/02zsn,1.0
/m/03yk8z,/m/02hrh1q,/m/02hrh1q,/m/02zsn,1.0
/m/04kwbt,/m/02jknp,/m/02hrh1q,/m/05zppz,1.0
/m/04t2l2,/m/02hrh1q,/m/02krf9,/m/05zppz,1.0
/m/04g4n,/m/02hrh1q,/m/02hrh1q,/m/02zsn,1.0
/m/044mz_,/m/02hrh1q,/m/02hrh1q,/m/05zppz,1.0
/m/04n65n,/m/02hrh1q,/m/02hrh1q,/m/05zppz,1.0
/m/05d1dy,/m/03gjzk,/m/02jknp,/m/05zppz,1.0
/m/04mlh8,/m/02hrh1q,/m/02hrh1q,/m/05zppz,1.0
/m/043tg,/m/02p0s5r,/m/02p0s5r,/m/05zppz,1.0
/m/04cf09,/m/02hrh1q,/m/02hrh1q,/m/05zppz,1.0
/m/041c4,/m/02jknp,/m/02jknp,/m/05zppz,1.0
/m/04ld94,/m/02jknp,/m/02jknp,/m/05zppz,1.0
/m/05hrq4,/m/02krf9,/m/02hrh1q,/m/05zppz,1.0
/m/044mrh,/m/02hrh1q,/m/02hrh1q,/m/05zppz,1.0
/m/03y1mlp,/m/026sdt1,/m/026sdt1,/m/02zsn,1.0
/m/04gycf,/m/02hrh1q,/m/02hrh1q,/m/05zppz,1.0
/m/04mx__,/m/02hv44_,/m/02hv44_,/m/05zppz,1.0
/m/03xkps,/m/02jknp,/m/02hrh1q,/m/05zppz,1.0
/m/03wbzp,/m/03gjzk,/m/02krf9,/m/05zppz,1.0
/m/043gj,/m/02hrh1q,/m/02jknp,/m/05zppz,1.0
/m/04qt29,/m/02hrh1q,/m/02hrh1q,/m/02zsn,1.0
/m/03wh95l,/m/02hrh1q,/m/03gjzk,/m/05zppz,1.0
/m/0436f4,/m/02hrh1q,/m/02hrh1q,/m/05zppz,1.0
/m/03xpsrx,/m/02hrh1q,/m/02hrh1q,/m/05zppz,1.0
/m/04r7p,/m/02jknp,/m/02hrh1q,/m/02zsn,1.0
/m/0443xn,/m/02hrh1q,/m/02hrh1q,/m/05zppz,1.0
/m/04bcb1,/m/02hrh1q,/m/02hrh1q,/m/05zppz,1.0
/m/03q45x,/m/02hrh1q,/m/02hrh1q,/m/02zsn,1.0
/m/05gnf9,/m/02hrh1q,/m/02hrh1q,/m/05zppz,1.0
/m/04wqr,/m/02hrh1q,/m/02hrh1q,/m/02zsn,1.0
/m/057176,/m/02hrh1q,/m/02hrh1q,/m/05zppz,1.0
/m/04rs03,/m/02hrh1q,/m/02jknp,/m/05zppz,1.0
/m/03z_g7,/m/02jknp,/m/02hrh1q,/m/05zppz,1.0
/m/059t6d,/m/02hrh1q,/m/02hrh1q,/m/05zppz,1.0
/m/04xjp,/m/02hv44_,/m/02hv44_,/m/05zppz,1.0
/m/041b4j,/m/02hrh1q,/m/02hrh1q,/m/02zsn,1.0
/m/040rjq,/m/02jknp,/m/02hv44_,/m/05zppz,1.0
/m/048q6x,/m/02hrh1q,/m/02hrh1q,/m/05zppz,1.0
/m/0410cp,/m/02hrh1q,/m/02hrh1q,/m/02zsn,1.0
/m/044pqn,/m/02hrh1q,/m/02jknp,/m/05zppz,1.0
/m/03ys2f,/m/02jknp,/m/03gjzk,/m/05zppz,1.0
/m/059_gf,/m/02hrh1q,/m/02hrh1q,/m/05zppz,1.0
/m/03q43g,/m/02hrh1q,/m/02hrh1q,/m/05zppz,1.0
/m/04l3_z,/m/02jknp,/m/03gjzk,/m/05zppz,1.0
/m/0521rl1,/m/02hrh1q,/m/02hrh1q,/m/05zppz,1.0
/m/043cl9,/m/03gjzk,/m/02hrh1q,/m/05zppz,1.0
/m/049sb,/m/02y5kn,/m/02y5kn,/m/05zppz,1.0
/m/04gc65,/m/02hrh1q,/m/02hrh1q,/m/05zppz,1.0
/m/04353,/m/03gjzk,/m/02hrh1q,/m/05zppz,1.0
/m/045hz5,/m/02hrh1q,/m/02hrh1q,/m/02zsn,1.0
/m/044qx,/m/02hrh1q,/m/02hrh1q,/m/05zppz,1.0
/m/03v3xp,/m/02hrh1q,/m/02hrh1q,/m/05zppz,1.0
/m/03rx9,/m/03jgz,/m/02hrh1q,/m/05zppz,1.0
/m/04myfb7,/m/02hrh1q,/m/02hrh1q,/m/02zsn,1.0
/m/041jlr,/m/02jknp,/m/02jknp,/m/05zppz,1.0
/m/044ntk,/m/02jknp,/m/02jknp,/m/05zppz,1.0
/m/03yrkt,/m/02hrh1q,/m/02hrh1q,/m/02zsn,1.0
/m/04328m,/m/02hrh1q,/m/02hrh1q,/m/02zsn,1.0
/m/04bs3j,/m/02hrh1q,/m/02hrh1q,/m/02zsn,1.0
/m/03wpmd,/m/026sdt1,/m/02jknp,/m/05zppz,1.0
/m/04bdqk,/m/02hrh1q,/m/02hrh1q,/m/02zsn,1.0
/m/04rg6,/m/02hrh1q,/m/02jknp,/m/05zppz,1.0
/m/044prt,/m/02hrh1q,/m/02hrh1q,/m/05zppz,1.0
/m/03v0vd,/m/03gjzk,/m/02hrh1q,/m/05zppz,1.0
/m/03qmx_f,/m/02krf9,/m/02jknp,/m/05zppz,1.0
/m/04dz_y7,/m/02hrh1q,/m/02jknp,/m/05zppz,1.0
/m/04y0hj,/m/02t8yb,/m/02hrh1q,/m/02zsn,1.0
/m/0454s1,/m/02jknp,/m/02jknp,/m/05zppz,1.0
/m/03np3w,/m/02hrh1q,/m/02krf9,/m/05zppz,1.0
/m/05drq5,/m/02jknp,/m/02jknp,/m/05zppz,1.0
/m/03w4sh,/m/02hrh1q,/m/02hrh1q,/m/05zppz,1.0
/m/04fhxp,/m/02hrh1q,/m/02hrh1q,/m/05zppz,1.0
/m/04cmrt,/m/02hrh1q,/m/02hrh1q,/m/02zsn,1.0
/m/04n7njg,/m/03gjzk,/m/03gjzk,/m/05zppz,1.0
/m/050llt,/m/02hrh1q,/m/02hrh1q,/m/02zsn,1.0
/m/03qd_,/m/02jknp,/m/02jknp,/m/05zppz,1.0
/m/053xw6,/m/02hrh1q,/m/02hrh1q,/m/05zppz,1.0
/m/04264n,/m/02hrh1q,/m/02hrh1q,/m/05zppz,1.0
/m/03rl84,/m/02hrh1q,/m/02hrh1q,/m/02zsn,1.0
/m/04z_x4v,/m/02pjxr,/m/02pjxr,/m/05zppz,1.0
/m/047c9l,/m/02hrh1q,/m/02hrh1q,/m/02zsn,1.0
/m/0428bc,/m/02hrh1q,/m/02hrh1q,/m/05zppz,1.0
/m/049gc,/m/02hrh1q,/m/02hrh1q,/m/05zppz,1.0
/m/0443y3,/m/02hrh1q,/m/02hrh1q,/m/02zsn,1.0
/m/05bht9,/m/02jknp,/m/02jknp,/m/05zppz,1.0
/m/0418ft,/m/02hrh1q,/m/02hrh1q,/m/02zsn,1.0
/m/059gkk,/m/02hrh1q,/m/02hrh1q,/m/05zppz,1.0
/m/057xn_m,/m/025352,/m/025352,/m/02zsn,1.0
/m/04dyqk,/m/02hrh1q,/m/02jknp,/m/05zppz,1.0
/m/059j4x,/m/03gjzk,/m/02krf9,/m/05zppz,1.0
/m/0412f5y,/m/02tx6q,/m/02tx6q,/m/05zppz,1.0
/m/04j_gs,/m/02hrh1q,/m/03gjzk,/m/05zppz,1.0
/m/041rhq,/m/02hrh1q,/m/02hrh1q,/m/05zppz,1.0
/m/04v7k2,/m/02hrh1q,/m/02t8yb,/m/05zppz,1.0
/m/04fkg4,/m/02jknp,/m/02jknp,/m/05zppz,1.0
/m/03zrp,/m/025352,/m/025352,/m/05zppz,1.0
/m/040696,/m/02hrh1q,/m/02hrh1q,/m/05zppz,1.0
/m/044zvm,/m/02hrh1q,/m/02hrh1q,/m/02zsn,1.0
/m/049468,/m/02hrh1q,/m/02hrh1q,/m/02zsn,1.0
/m/04l19_,/m/03gjzk,/m/03gjzk,/m/05zppz,1.0
/m/04hw4b,/m/03gjzk,/m/03gjzk,/m/05zppz,1.0
/m/058s44,/m/02hrh1q,/m/02hrh1q,/m/05zppz,1.0
/m/05d7rk,/m/02hrh1q,/m/02hrh1q,/m/05zppz,1.0
/m/057_yx,/m/02hrh1q,/m/02hrh1q,/m/05zppz,1.0
/m/04xn2m,/m/02jknp,/m/02jknp,/m/05zppz,1.0
/m/049qx,/m/02hrh1q,/m/02hrh1q,/m/02zsn,1.0
/m/03s9b,/m/02hrh1q,/m/02hrh1q,/m/05zppz,1.0
/m/04h07s,/m/02hrh1q,/m/02hrh1q,/m/05zppz,1.0
/m/05cx7x,/m/02hrh1q,/m/02hrh1q,/m/05zppz,1.0
/m/04kj2v,/m/02pjxr,/m/02pjxr,/m/05zppz,1.0
/m/03s9v,/m/04s2z,/m/04s2z,/m/05zppz,1.0
/m/04258w,/m/02hrh1q,/m/02hrh1q,/m/05zppz,1.0
/m/040z9,/m/02hrh1q,/m/02hrh1q,/m/05zppz,1.0
/m/03q3sy,/m/02hrh1q,/m/02hrh1q,/m/05zppz,1.0
/m/04cdxc,/m/02hrh1q,/m/02hrh1q,/m/05zppz,1.0
/m/040nwr,/m/02hrh1q,/m/02hrh1q,/m/02zsn,1.0
/m/05_zc7,/m/02hrh1q,/m/02hrh1q,/m/05zppz,1.0
/m/04jb97,/m/02jknp,/m/02jknp,/m/05zppz,1.0
/m/04rvy8,/m/02jknp,/m/02jknp,/m/05zppz,1.0
/m/04v048,/m/02jknp,/m/02jknp,/m/05zppz,1.0
/m/049m19,/m/02hrh1q,/m/02hrh1q,/m/05zppz,1.0
/m/04lg6,/m/03sbb,/m/03sbb,/m/05zppz,1.0
/m/044mjy,/m/02hrh1q,/m/02hrh1q,/m/05zppz,1.0
/m/03vrnh,/m/02hrh1q,/m/02hrh1q,/m/05zppz,1.0
/m/03qhyn8,/m/02pjxr,/m/026sdt1,/m/05zppz,1.0
/m/04c636,/m/02hrh1q,/m/02hrh1q,/m/05zppz,1.0
/m/059fjj,/m/03gjzk,/m/03gjzk,/m/02zsn,1.0
/m/05bxwh,/m/02jknp,/m/02jknp,/m/05zppz,1.0
/m/05cj4r,/m/02hrh1q,/m/02hrh1q,/m/02zsn,1.0
/m/03xn3s2,/m/02hrh1q,/m/02hrh1q,/m/02zsn,1.0
/m/04b7xr,/m/03lgtv,/m/03lgtv,/m/05zppz,1.0
/m/042f1,/m/04gc2,/m/04gc2,/m/05zppz,1.0
/m/04s04,/m/03gjzk,/m/03gjzk,/m/05zppz,1.0
/m/03s2dj,/m/02hrh1q,/m/03gjzk,/m/05zppz,1.0
/m/03xpfzg,/m/03gjzk,/m/03gjzk,/m/05zppz,1.0
/m/05jcn8,/m/02jknp,/m/02jknp,/m/05zppz,1.0
/m/04gcd1,/m/02jknp,/m/02jknp,/m/05zppz,1.0
/m/03sww,/m/02hrh1q,/m/02hrh1q,/m/05zppz,1.0
/m/04qz6n,/m/02hrh1q,/m/02krf9,/m/02zsn,1.0
/m/03w9sgh,/m/02jknp,/m/02jknp,/m/05zppz,1.0
/m/05b__vr,/m/02hrh1q,/m/02hrh1q,/m/05zppz,1.0
/m/04mhxx,/m/02hrh1q,/m/02hrh1q,/m/02zsn,1.0
/m/05dxl_,/m/02hrh1q,/m/02jknp,/m/05zppz,1.0
/m/03rs8y,/m/02hrh1q,/m/02hrh1q,/m/05zppz,1.0
/m/042gr4,/m/02hrh1q,/m/02hrh1q,/m/02zsn,1.0
/m/054bt3,/m/02jknp,/m/02jknp,/m/05zppz,1.0
/m/049t4g,/m/02hrh1q,/m/02hrh1q,/m/05zppz,1.0
/m/0456xp,/m/02hrh1q,/m/02hrh1q,/m/02zsn,1.0
/m/053yx,/m/02hrh1q,/m/02hrh1q,/m/05zppz,1.0
/m/04gr35,/m/02hrh1q,/m/02hrh1q,/m/05zppz,1.0
/m/04205z,/m/02hrh1q,/m/02hrh1q,/m/02zsn,1.0
/m/051z6rz,/m/02jknp,/m/02jknp,/m/05zppz,1.0
/m/03n08b,/m/02hrh1q,/m/02hrh1q,/m/05zppz,1.0
/m/03q5dr,/m/02hrh1q,/m/02hrh1q,/m/02zsn,1.0
/m/04f7c55,/m/02hrh1q,/m/02hrh1q,/m/05zppz,1.0
/m/04vt98,/m/02jknp,/m/02jknp,/m/05zppz,1.0
/m/04fhn_,/m/02hrh1q,/m/02hrh1q,/m/05zppz,1.0
/m/040t74,/m/02hrh1q,/m/02hrh1q,/m/02zsn,1.0
/m/048tgl,/m/03lgtv,/m/03lgtv,/m/05zppz,1.0
/m/04tnqn,/m/03gjzk,/m/03gjzk,/m/05zppz,1.0
/m/049g_xj,/m/02hrh1q,/m/02hrh1q,/m/02zsn,1.0
/m/04smkr,/m/02hrh1q,/m/02hrh1q,/m/02zsn,1.0
/m/04mz10g,/m/02hrh1q,/m/02hrh1q,/m/05zppz,1.0
/m/04x4s2,/m/03gjzk,/m/02krf9,/m/05zppz,1.0
/m/048wrb,/m/02krf9,/m/03gjzk,/m/05zppz,1.0
/m/03pp73,/m/02hrh1q,/m/02hrh1q,/m/05zppz,1.0
/m/04wp3s,/m/02hrh1q,/m/02hrh1q,/m/05zppz,1.0
/m/05dxl5,/m/02hrh1q,/m/02hrh1q,/m/02zsn,1.0
/m/05b_7n,/m/02hrh1q,/m/02hrh1q,/m/05zppz,1.0
/m/0517bc,/m/02hrh1q,/m/02hrh1q,/m/02zsn,1.0
/m/04xbr4,/m/02hrh1q,/m/02hrh1q,/m/05zppz,1.0
/m/05b1062,/m/02jknp,/m/02jknp,/m/05zppz,1.0
/m/044lyq,/m/02hrh1q,/m/02hrh1q,/m/05zppz,1.0
/m/03tdlh,/m/02hrh1q,/m/02hrh1q,/m/02zsn,1.0
/m/044mvs,/m/02hrh1q,/m/02hrh1q,/m/05zppz,1.0
/m/03vgp7,/m/02hrh1q,/m/02hrh1q,/m/05zppz,1.0
/m/04jlgp,/m/02hrh1q,/m/02hrh1q,/m/02zsn,1.0
/m/0408np,/m/02hrh1q,/m/02jknp,/m/05zppz,1.0
/m/05_k56,/m/02jknp,/m/02jknp,/m/05zppz,1.0
/m/05cl2w,/m/02hrh1q,/m/02hrh1q,/m/05zppz,1.0
/m/05drr9,/m/02hrh1q,/m/02hrh1q,/m/05zppz,1.0
/m/04jzj,/m/04s2z,/m/04s2z,/m/05zppz,1.0
/m/03xl77,/m/02hrh1q,/m/02hrh1q,/m/05zppz,1.0
/m/047hpm,/m/02hrh1q,/m/02hrh1q,/m/02zsn,1.0
/m/046qq,/m/02hrh1q,/m/02hrh1q,/m/05zppz,1.0
/m/04yyhw,/m/02hrh1q,/m/02hrh1q,/m/05zppz,1.0
/m/04wp63,/m/02jknp,/m/02jknp,/m/05zppz,1.0
/m/046chh,/m/02hrh1q,/m/02hrh1q,/m/05zppz,1.0
/m/05b5_tj,/m/02pjxr,/m/02pjxr,/m/05zppz,1.0
/m/04wf_b,/m/02hrh1q,/m/02hrh1q,/m/05zppz,1.0
/m/0432b,/m/02hrh1q,/m/02hrh1q,/m/05zppz,1.0
/m/058s57,/m/02hrh1q,/m/02hrh1q,/m/02zsn,1.0
/m/03q2t9,/m/03gjzk,/m/03gjzk,/m/05zppz,1.0
/m/05d8vw,/m/02hrh1q,/m/02hrh1q,/m/02zsn,1.0
/m/04x1_w,/m/02hrh1q,/m/02hrh1q,/m/02zsn,1.0
/m/0436kgz,/m/02hrh1q,/m/02hrh1q,/m/05zppz,1.0
/m/050z2,/m/039v1,/m/039v1,/m/05zppz,1.0
/m/03n_7k,/m/02hrh1q,/m/02hrh1q,/m/05zppz,1.0
