id,predicted_label,true_label,sensitive_label
/m/02j9lm,/m/02hrh1q,/m/02hrh1q,/m/02zsn
/m/01vrt_c,/m/02hrh1q,/m/02hrh1q,/m/02zsn
/m/03tdlh,/m/03gjzk,/m/02hrh1q,/m/02zsn
/m/03lq43,/m/02hrh1q,/m/02hrh1q,/m/02zsn
/m/046rfv,/m/02hrh1q,/m/02hrh1q,/m/02zsn
/m/03jldb,/m/02hrh1q,/m/02hrh1q,/m/02zsn
/m/04j0s3,/m/02krf9,/m/02krf9,/m/02zsn
/m/02vq8xn,/m/02hrh1q,/m/02hrh1q,/m/02zsn
/m/043zg,/m/02hrh1q,/m/02hrh1q,/m/02zsn
/m/03qkgyl,/m/02krf9,/m/03gjzk,/m/02zsn
/m/0509bl,/m/03gjzk,/m/02hrh1q,/m/02zsn
/m/04gnbv1,/m/03gjzk,/m/03gjzk,/m/02zsn
/m/01wmcbg,/m/02hrh1q,/m/02hrh1q,/m/02zsn
/m/029h45,/m/025352,/m/025352,/m/02zsn
/m/050llt,/m/04f2zj,/m/02hrh1q,/m/02zsn
/m/05l0j5,/m/02hrh1q,/m/02hrh1q,/m/02zsn
/m/046zh,/m/02hrh1q,/m/02hrh1q,/m/02zsn
/m/01vhb0,/m/02hrh1q,/m/02hrh1q,/m/02zsn
/m/039crh,/m/03gjzk,/m/03gjzk,/m/02zsn
/m/02756j,/m/02hrh1q,/m/02hrh1q,/m/02zsn
/m/01ypsj,/m/02jknp,/m/02hrh1q,/m/02zsn
/m/026c1,/m/02hrh1q,/m/02hrh1q,/m/02zsn
/m/03q45x,/m/03gjzk,/m/03gjzk,/m/02zsn
/m/022q32,/m/02hrh1q,/m/02hrh1q,/m/02zsn
/m/02lnhv,/m/02hrh1q,/m/02hrh1q,/m/02zsn
/m/02nwxc,/m/02hrh1q,/m/02hrh1q,/m/02zsn
/m/04rfq,/m/02jknp,/m/02hrh1q,/m/02zsn
/m/02c7lt,/m/02hrh1q,/m/02hrh1q,/m/02zsn
/m/027f7dj,/m/02hrh1q,/m/02hrh1q,/m/02zsn
/m/01vdrw,/m/02hv44_,/m/02hv44_,/m/02zsn
/m/04wtx1,/m/025352,/m/02hrh1q,/m/02zsn
/m/044gyq,/m/02hrh1q,/m/02hrh1q,/m/02zsn
/m/044k8,/m/02hrh1q,/m/02hrh1q,/m/02zsn
/m/042gr4,/m/02jknp,/m/02hrh1q,/m/02zsn
/m/02qw2xb,/m/02hrh1q,/m/02hrh1q,/m/02zsn
/m/03zqc1,/m/02hrh1q,/m/02hrh1q,/m/02zsn
/m/05hdf,/m/02hrh1q,/m/02hrh1q,/m/02zsn
/m/05dxl5,/m/025sppp,/m/02hrh1q,/m/02zsn
/m/04y0yc,/m/02hrh1q,/m/02hrh1q,/m/02zsn
/m/02vkvcz,/m/026sdt1,/m/026sdt1,/m/02zsn
/m/02kxwk,/m/02jknp,/m/02jknp,/m/02zsn
/m/03k545,/m/02hrh1q,/m/02hrh1q,/m/02zsn
/m/02lg9w,/m/02hrh1q,/m/02hrh1q,/m/02zsn
/m/059fjj,/m/02hrh1q,/m/02hrh1q,/m/02zsn
/m/01xcr4,/m/03gjzk,/m/03gjzk,/m/02zsn
/m/02__7n,/m/03gjzk,/m/03gjzk,/m/02zsn
/m/04mlmx,/m/02tx6q,/m/02hrh1q,/m/02zsn
/m/02f8lw,/m/02hrh1q,/m/02hrh1q,/m/02zsn
/m/02lyx4,/m/02hrh1q,/m/02hrh1q,/m/02zsn
/m/030znt,/m/02hrh1q,/m/02hrh1q,/m/02zsn
/m/057xn_m,/m/02hrh1q,/m/025352,/m/02zsn
